query_seq,target_percentage,select_set,test_type,test_name,index_type,storage,secondary,direct_block_read,read_groups,skip_offset,query_index_time_elapsed,remove_duplication_time_elapsed,sort_block_metadata_time_elapsed,find_optimal_read_solution_time_elapsed,generate_select_array_time_elapsed,get_target_data_time_elapsed,get_support_data_time_elapsed,data_calculation_time_elapsed,data_apply_select_time_elapsed,apply_particle_level_select_array_time_elapsed,total_time_elapsed,fastbit_index_time_elapsed,fastbit_index_targeted_time_elapsed,query_result_size,chunk_range_size,current_percentage,iteration,species,expand_set,envelope,data_size
0,0.01%,"('ux',)",27,Fastbit,Fastbit,File,None,False,False,False,,,,,,0.2505452632904053,0.009968757629394531,0.003109455108642578,0,0,3.4431331157684326,2.3940045833587646,0.026131391525268555,,,0.000101,500,electrons,['ux'],"{'ux': [-0.00018922979926008473, -0.00018896117177809595]}",83.0
1,0.01%,"('ux',)",27,Fastbit,Fastbit,File,None,False,False,False,,,,,,0.07236886024475098,0.0037801265716552734,0.0011112689971923828,0,0,3.123037338256836,2.2936463356018066,0.006109714508056641,,,0.0001,500,electrons,['ux'],"{'ux': [-5.161594696142246e-05, -5.150844297021957e-05]}",30.0
2,0.01%,"('ux',)",27,Fastbit,Fastbit,File,None,False,False,False,,,,,,1.2011899948120117,0.05158090591430664,0.017809152603149414,0,0,3.9255168437957764,1.7900071144104004,0.10497045516967773,,,0.0001,500,electrons,['ux'],"{'ux': [3.422967992038075e-05, 3.433228226741524e-05]}",765.0
3,0.01%,"('ux',)",27,Fastbit,Fastbit,File,None,False,False,False,,,,,,0.1765735149383545,0.006905317306518555,0.002360105514526367,0,0,3.226283550262451,2.2588155269622803,0.018152475357055664,,,9.9e-05,500,electrons,['ux'],"{'ux': [0.0016590263697584926, 0.0016614243883111214]}",64.0
4,0.01%,"('ux',)",27,Fastbit,Fastbit,File,None,False,False,False,,,,,,0.08488702774047852,0.0038471221923828125,0.0014281272888183594,0,0,2.3398730754852295,1.583085060119629,0.0066683292388916016,,,0.0001,500,electrons,['ux'],"{'ux': [0.011525942973972806, 0.011561351990815427]}",40.0
5,0.01%,"('ux',)",27,Fastbit,Fastbit,File,None,False,False,False,,,,,,0.7430565357208252,0.03147435188293457,0.011034250259399414,0,0,3.3831396102905273,1.8151445388793945,0.06675243377685547,,,0.0001,500,electrons,['ux'],"{'ux': [-1.1085957898141085e-05, -1.101089759989513e-05]}",456.0
6,0.01%,"('ux',)",27,Fastbit,Fastbit,File,None,False,False,False,,,,,,0.032797813415527344,0.001844644546508789,0.0006051063537597656,0,0,2.5051028728485107,1.792602777481079,0.0025267601013183594,,,0.0001,500,electrons,['ux'],"{'ux': [-0.0007254949644993354, -0.0007247498768010719]}",15.0
7,0.01%,"('ux',)",27,Fastbit,Fastbit,File,None,False,False,False,,,,,,0.09002470970153809,0.003754138946533203,0.0015239715576171875,0,0,2.5599496364593506,1.7867038249969482,0.007066488265991211,,,9.9e-05,500,electrons,['ux'],"{'ux': [4.121731242225448e-05, 4.13194178728034e-05]}",41.0
8,0.01%,"('ux',)",27,Fastbit,Fastbit,File,None,False,False,False,,,,,,0.07811236381530762,0.0035572052001953125,0.001463174819946289,0,0,2.5388288497924805,1.7589638233184814,0.0070574283599853516,,,0.0001,500,electrons,['ux'],"{'ux': [5.501947825296045e-05, 5.513042191773196e-05]}",36.0
9,0.01%,"('ux',)",27,Fastbit,Fastbit,File,None,False,False,False,,,,,,0.31737327575683594,0.013550519943237305,0.005118608474731445,0,0,2.754056215286255,1.6804053783416748,0.02702021598815918,,,0.0001,500,electrons,['ux'],"{'ux': [0.0031500158673523995, 0.003155297056782689]}",165.0
10,0.01%,"('ux',)",27,Fastbit,Fastbit,File,None,False,False,False,,,,,,0.23868775367736816,0.010933637619018555,0.003800630569458008,0,0,2.6857669353485107,1.7310118675231934,0.019211530685424805,,,9.9e-05,500,electrons,['ux'],"{'ux': [0.00022020402664347418, 0.00022050747158014377]}",127.0
11,0.01%,"('ux',)",27,Fastbit,Fastbit,File,None,False,False,False,,,,,,0.44783997535705566,0.020015239715576172,0.006935834884643555,0,0,3.128969192504883,1.8830335140228271,0.041208744049072266,,,0.000101,500,electrons,['ux'],"{'ux': [4.160523600088189e-06, 4.210115831121716e-06]}",254.0
12,0.01%,"('ux',)",27,Fastbit,Fastbit,File,None,False,False,False,,,,,,0.07387423515319824,0.0036478042602539062,0.0012269020080566406,0,0,2.5707647800445557,1.797713279724121,0.00632786750793457,,,0.0001,500,electrons,['ux'],"{'ux': [-5.551136516988865e-05, -5.540311636084565e-05]}",33.0
13,0.01%,"('ux',)",27,Fastbit,Fastbit,File,None,False,False,False,,,,,,1.0011818408966064,0.04088616371154785,0.014641284942626953,0,0,3.6302061080932617,1.7618434429168701,0.08931660652160645,,,0.0001,500,electrons,['ux'],"{'ux': [1.7841539677687844e-05, 1.792906464701347e-05]}",642.0
14,0.01%,"('ux',)",27,Fastbit,Fastbit,File,None,False,False,False,,,,,,0.018871068954467773,0.0010824203491210938,0.00045180320739746094,0,0,2.3520593643188477,1.6655104160308838,0.0017676353454589844,,,0.0001,500,electrons,['ux'],"{'ux': [0.004604059316960416, 0.004613148361327822]}",8.0
15,0.01%,"('ux','uy')",27,Fastbit,Fastbit,File,None,False,False,False,,,,,,1.9482192993164062,0.07005453109741211,0.028318405151367188,0,0,6.831411838531494,3.728501319885254,2.3678555488586426,,,0.0001,500,electrons,"['ux','uy']","{'ux': [-0.00020287511894927614, -0.00019146199162757284], 'uy': [-0.00021487363694903662, -0.00010743647817883406]}",3376.0
16,0.01%,"('ux','uy')",27,Fastbit,Fastbit,File,None,False,False,False,,,,,,0.8368237018585205,0.0291290283203125,0.013054847717285156,0,0,5.158825397491455,3.378096103668213,1.3059194087982178,,,0.0001,500,electrons,"['uy','ux']","{'ux': [-0.0033060977335267654, -0.0030239153752916687], 'uy': [-0.003992298940491954, -0.0036170691877865173]}",2224.0
17,0.01%,"('ux','uy')",27,Fastbit,Fastbit,File,None,False,False,False,,,,,,0.8713078498840332,0.03145194053649902,0.012584447860717773,0,0,5.4736106395721436,3.634587287902832,2.2212226390838623,,,0.0001,500,electrons,"['ux','uy']","{'ux': [0.00792818010575228, 0.00865805721212017], 'uy': [-0.0010623565731074911, -0.0006136813875684674]}",3007.0
18,0.01%,"('ux','uy')",27,Fastbit,Fastbit,File,None,False,False,False,,,,,,1.3048770427703857,0.05390644073486328,0.018457889556884766,0,0,6.689786434173584,4.315824270248413,1.506934404373169,,,9.9e-05,500,electrons,"['uy','ux']","{'ux': [-0.0008622202565808451, -0.0006532696394287639], 'uy': [-0.004925537171746475, -0.004561973348431135]}",2049.0
19,0.01%,"('ux','uy')",27,Fastbit,Fastbit,File,None,False,False,False,,,,,,2.294304847717285,0.07270669937133789,0.030291080474853516,0,0,7.538147449493408,4.052096605300903,2.6219840049743652,,,0.000101,500,electrons,"['ux','uy']","{'ux': [-2.3418607388970996e-05, -2.0286983724399857e-05], 'uy': [0.00022581958450884268, 0.0002878592540086991]}",3977.0
20,0.01%,"('ux','uy')",27,Fastbit,Fastbit,File,None,False,False,False,,,,,,1.5895848274230957,0.04169940948486328,0.019977569580078125,0,0,6.794963836669922,4.140417814254761,1.0021724700927734,,,0.0001,500,electrons,"['ux','uy']","{'ux': [0.004954569271264041, 0.005779194366064449], 'uy': [0.02189335480067965, 0.03263081760655969]}",2788.0
21,0.01%,"('ux','uy')",27,Fastbit,Fastbit,File,None,False,False,False,,,,,,1.171401023864746,0.038956403732299805,0.01691913604736328,0,0,5.972106218338013,3.763475179672241,2.379525661468506,,,0.0001,500,electrons,"['uy','ux']","{'ux': [-0.002672711074936149, -0.0024931759947778576], 'uy': [-0.0002887276429364919, -0.00018102943192483924]}",3628.0
22,0.01%,"('ux','uy')",27,Fastbit,Fastbit,File,None,False,False,False,,,,,,0.388700008392334,0.014624357223510742,0.005418539047241211,0,0,5.515946865081787,4.245783567428589,2.735945463180542,,,0.0001,500,electrons,"['uy','ux']","{'ux': [-7.288279350375953e-08, -3.533120617675266e-08], 'uy': [3.149088296718148e-05, 6.692196147863947e-05]}",3389.0
23,0.01%,"('ux','uy')",27,Fastbit,Fastbit,File,None,False,False,False,,,,,,1.6555352210998535,0.06229281425476074,0.02551436424255371,0,0,6.4177093505859375,3.6430864334106445,1.5237512588500977,,,9.9e-05,500,electrons,"['uy','ux']","{'ux': [0.00015343411939212608, 0.0001645856979605311], 'uy': [-0.004970487735133059, -0.003402055065325356]}",3484.0
24,0.01%,"('ux','uy')",27,Fastbit,Fastbit,File,None,False,False,False,,,,,,2.489518165588379,0.09595942497253418,0.033251285552978516,0,0,8.64525842666626,4.8640851974487305,3.338106155395508,,,0.0001,500,electrons,"['ux','uy']","{'ux': [0.0001400252421846928, 0.00014374040777403706], 'uy': [0.00019464941902872903, 0.00038413229174994736]}",2087.0
25,0.01%,"('ux','uy')",27,Fastbit,Fastbit,File,None,False,False,False,,,,,,1.01963210105896,0.03648638725280762,0.014002799987792969,0,0,5.648860931396484,3.6773922443389893,2.239851474761963,,,9.9e-05,500,electrons,"['ux','uy']","{'ux': [3.360229621127696e-06, 4.6635760441627e-06], 'uy': [4.589436486587324e-05, 6.218522834194239e-05]}",3502.0
26,0.01%,"('ux','uy')",27,Fastbit,Fastbit,File,None,False,False,False,,,,,,1.3113787174224854,0.04986691474914551,0.018932819366455078,0,0,5.991434335708618,3.6255505084991455,2.1877543926239014,,,0.0001,500,electrons,"['ux','uy']","{'ux': [0.0002986465670879168, 0.00032396874088583527], 'uy': [0.0004996430498190992, 0.0005486370286256029]}",1666.0
27,0.01%,"('ux','uy')",27,Fastbit,Fastbit,File,None,False,False,False,,,,,,1.848351240158081,0.07263326644897461,0.0257871150970459,0,0,7.542011022567749,4.4939587116241455,2.6852309703826904,,,0.000101,500,electrons,"['uy','ux']","{'ux': [0.0002088892896969385, 0.00023845433089915219], 'uy': [0.0004019611848700756, 0.0004296384493393275]}",2647.0
28,0.01%,"('ux','uy')",27,Fastbit,Fastbit,File,None,False,False,False,,,,,,1.4497811794281006,0.059839487075805664,0.01944565773010254,0,0,6.886780023574829,4.282678842544556,2.580604076385498,,,0.0001,500,electrons,"['uy','ux']","{'ux': [-0.0017757176432905248, -0.0016533159399449505], 'uy': [0.0006840263727867192, 0.0008363031126057466]}",3047.0
29,0.01%,"('ux','uy')",27,Fastbit,Fastbit,File,None,False,False,False,,,,,,1.3373034000396729,0.04901719093322754,0.01892995834350586,0,0,6.50252890586853,4.107812404632568,2.7849249839782715,,,0.000101,500,electrons,"['ux','uy']","{'ux': [0.0017135997252698558, 0.0018110437480123437], 'uy': [-0.00015684105684304396, -2.0754159860218187e-05]}",3267.0
30,0.01%,"('ux','uy','uz')",27,Fastbit,Fastbit,File,None,False,False,False,,,,,,0.7611150741577148,0.02704453468322754,0.010501623153686523,0,0,7.7810258865356445,6.051038026809692,2.67696213722229,,,0.0001,500,electrons,"['uy','uz','ux']","{'ux': [5.282296854337066e-06, 1.1545774343591047e-05], 'uy': [0.00010659756255792407, 0.00021095902110522736], 'uz': [1.4626885514144121e-05, 2.9286875203982146e-05]}",4022.0
31,0.01%,"('ux','uy','uz')",27,Fastbit,Fastbit,File,None,False,False,False,,,,,,1.0239856243133545,0.03213071823120117,0.014728546142578125,0,0,7.548755168914795,5.555919647216797,3.559328556060791,,,0.0001,500,electrons,"['ux','uy']","{'ux': [-4.2016082812295235e-05, -2.4680800146726702e-05], 'uy': [1.1048316087996025e-05, 4.757991632290132e-05], 'uz': [-0.00014126942753397816, 5.345289416610101e-06]}",3594.0
32,0.01%,"('ux','uy','uz')",27,Fastbit,Fastbit,File,None,False,False,False,,,,,,0.6844050884246826,0.022289276123046875,0.009542703628540039,0,0,7.095313787460327,5.487144947052002,2.1792447566986084,,,0.0001,500,electrons,"['uz','ux']","{'ux': [-3.252905782700696e-06, -1.8135925699347791e-06], 'uy': [1.5757613580167552e-06, 0.0001635066113225017], 'uz': [5.874330527137088e-06, 1.0502025276680707e-05]}",4016.0
33,0.01%,"('ux','uy','uz')",27,Fastbit,Fastbit,File,None,False,False,False,,,,,,0.5737051963806152,0.01777505874633789,0.008223772048950195,0,0,6.73369574546814,5.286886692047119,2.8999197483062744,,,0.000101,500,electrons,"['uy','ux']","{'ux': [-3.4285458262080206e-06, -1.730708248304872e-06], 'uy': [1.4436995374719863e-05, 3.486916719347677e-05], 'uz': [-1.8366552260389993e-05, 1.4612251139955594e-06]}",4144.0
34,0.01%,"('ux','uy','uz')",27,Fastbit,Fastbit,File,None,False,False,False,,,,,,2.1523663997650146,0.06665468215942383,0.030564546585083008,0,0,9.049566984176636,5.720674514770508,3.91464900970459,,,0.000101,500,electrons,"['uy','ux']","{'ux': [-1.343479132686187e-05, -1.242337174760466e-05], 'uy': [0.00015518922394381287, 0.00036124056874887436], 'uz': [-0.00019179981363122526, 5.55734958385125e-05]}",3754.0
35,0.01%,"('ux','uy','uz')",27,Fastbit,Fastbit,File,None,False,False,False,,,,,,0.8710386753082275,0.030956506729125977,0.01263117790222168,0,0,7.831524848937988,5.980135202407837,3.0920016765594482,,,0.0001,500,electrons,['uz'],"{'ux': [5.007502459187178e-05, 0.00011727570553487663], 'uy': [-0.0001021259331000313, 0.0002388093115548507], 'uz': [-9.110450302777433e-07, 9.595297398086327e-06]}",4004.0
36,0.01%,"('ux','uy','uz')",27,Fastbit,Fastbit,File,None,False,False,False,,,,,,0.8947105407714844,0.03232407569885254,0.01152181625366211,0,0,7.984725475311279,6.088687419891357,2.9530608654022217,,,0.000101,500,electrons,"['uy','ux','uz']","{'ux': [-1.6961174540054687e-05, 1.0987946315897044e-06], 'uy': [3.745001023127378e-05, 0.00011051279129233572], 'uz': [3.055537369926431e-05, 8.409588101960917e-05]}",4024.0
37,0.01%,"('ux','uy','uz')",27,Fastbit,Fastbit,File,None,False,False,False,,,,,,0.8240714073181152,0.02969980239868164,0.011970043182373047,0,0,8.18600082397461,6.353463888168335,1.441176414489746,,,0.000101,500,electrons,"['uy','uz']","{'ux': [-0.00040458965951161677, 0.004412888774421734], 'uy': [-0.0016107295360646592, -0.0010926053672595452], 'uz': [0.005692499990895335, 0.008149601424227815]}",3512.0
38,0.01%,"('ux','uy','uz')",27,Fastbit,Fastbit,File,None,False,False,False,,,,,,1.2912814617156982,0.04487943649291992,0.018939495086669922,0,0,8.16846251487732,5.79872989654541,3.2765750885009766,,,0.0001,500,electrons,"['uy','ux']","{'ux': [6.06741790556008e-06, 3.9149564688407654e-05], 'uy': [1.2854717267567917e-05, 4.699785760516757e-05], 'uz': [-0.00028131723015195777, -2.9980136511253786e-05]}",3805.0
39,0.01%,"('ux','uy','uz')",27,Fastbit,Fastbit,File,None,False,False,False,,,,,,0.7821435928344727,0.025432348251342773,0.010444164276123047,0,0,7.510167360305786,5.776291847229004,2.195422887802124,,,0.000101,500,electrons,['uz'],"{'ux': [-0.00023262188817905943, -4.9620253289800825e-05], 'uy': [-0.00017416321259410152, 3.6529571176426125e-05], 'uz': [0.00032035848225674953, 0.00038940478507733673]}",4002.0
40,0.01%,"('ux','uy','uz')",27,Fastbit,Fastbit,File,None,False,False,False,,,,,,0.910592794418335,0.03246498107910156,0.011757612228393555,0,0,7.960997819900513,6.05298113822937,3.158179998397827,,,9.9e-05,500,electrons,"['ux','uz']","{'ux': [3.364597859016212e-06, 2.349133910207885e-05], 'uy': [-7.766652257947841e-05, -3.314939800542701e-05], 'uz': [-5.1764926608177456e-05, -2.634916688519677e-07]}",4047.0
41,0.01%,"('ux','uy','uz')",27,Fastbit,Fastbit,File,None,False,False,False,,,,,,1.48321533203125,0.05300545692443848,0.020798921585083008,0,0,8.851396083831787,6.268676042556763,3.1407291889190674,,,9.9e-05,500,electrons,"['ux','uz','uy']","{'ux': [-0.00010938760384405945, 1.610850739974005e-05], 'uy': [6.875861331721222e-05, 9.816045636300105e-05], 'uz': [-0.00027594952979569163, -0.00011410477114489748]}",3777.0
42,0.01%,"('ux','uy','uz')",27,Fastbit,Fastbit,File,None,False,False,False,,,,,,1.623730182647705,0.05594062805175781,0.0214536190032959,0,0,9.233137369155884,6.507171869277954,3.6466333866119385,,,0.0001,500,electrons,"['ux','uy']","{'ux': [-5.717187401205227e-06, 4.374131730949766e-05], 'uy': [-5.1744912650235466e-05, -2.729127104580923e-05], 'uz': [-0.0002993836452112258, -2.6306117699181193e-05]}",3866.0
43,0.01%,"('ux','uy','uz')",27,Fastbit,Fastbit,File,None,False,False,False,,,,,,0.3728330135345459,0.013839244842529297,0.005655050277709961,0,0,6.81448221206665,5.5558881759643555,1.9686713218688965,,,0.0001,500,electrons,"['uy','ux','uz']","{'ux': [0.00021361894927543417, 0.00040506199384065145], 'uy': [-0.0006024230693417255, -0.0001195472914263912], 'uz': [-0.004000208233883526, -0.003411163458906488]}",2832.0
44,0.01%,"('ux','uy','uz')",27,Fastbit,Fastbit,File,None,False,False,False,,,,,,0.43845438957214355,0.01573467254638672,0.0061872005462646484,0,0,6.588370323181152,5.281466960906982,0.32989931106567383,,,9.9e-05,500,electrons,['ux'],"{'ux': [4.4458325581472036e-14, 1.749509264093765e-13], 'uy': [-4.1725648971971035e-12, 8.714554415304509e-12], 'uz': [-3.3847200530464995e-12, 4.831247440639559e-13]}",3935.0
45,0.01%,"('ux','uy','uz','x')",27,Fastbit,Fastbit,File,None,False,False,False,,,,,,0.19338297843933105,0.007342100143432617,0.002382993698120117,0,0,7.282420873641968,6.238413333892822,2.5971462726593018,,,0.0001,500,electrons,"['uz','ux','uy']","{'x': [8.948733649959444e-06, 1.3462362806670283e-05], 'ux': [0.019211895365829235, 0.03359353305004083], 'uy': [-0.007856914974096112, -0.003529698472709567], 'uz': [0.0008541680451468227, 0.031189442787423468]}",2443.0
46,0.01%,"('ux','uy','uz','x')",27,Fastbit,Fastbit,File,None,False,False,False,,,,,,0.0,0.0,0.0,0,0,7.780187368392944,6.953648805618286,3.2320024967193604,,,0.0001,500,electrons,"['uy','uz','x']","{'x': [1.7567341173220853e-05, 1.8374218065650824e-05], 'ux': [-0.00032202209252423896, 4.107520682556122e-05], 'uy': [0.00019103819757365628, 0.0003159852236564527], 'uz': [7.498527019608518e-05, 0.00012802179673488895]}",0.0
47,0.01%,"('ux','uy','uz','x')",27,Fastbit,Fastbit,File,None,False,False,False,,,,,,0.2905397415161133,0.009656429290771484,0.0034110546112060547,0,0,8.468519449234009,7.3002660274505615,5.578383445739746,,,0.000101,500,electrons,"['x','uy','uz','ux']","{'x': [1.0372780212674552e-05, 1.233094618784523e-05], 'ux': [0.0012298622747196493, 0.0016523226178286228], 'uy': [-0.001256264472547907, -0.0002162421393275642], 'uz': [-0.0006903925946225738, 0.00020456706315343366]}",2421.0
48,0.01%,"('ux','uy','uz','x')",27,Fastbit,Fastbit,File,None,False,False,False,,,,,,0.35011935234069824,0.013149499893188477,0.004368305206298828,0,0,8.64825963973999,7.425385236740112,5.0126214027404785,,,0.0001,500,electrons,"['ux','uz','x']","{'x': [-5.895444584613868e-06, -1.4611717597081499e-06], 'ux': [-0.0006604818595254198, -0.00018972042696156408], 'uy': [-0.0015863312238458237, -0.00040466124858424223], 'uz': [-3.754450786308316e-05, 0.0006505381673900497]}",3293.0
49,0.01%,"('ux','uy','uz','x')",27,Fastbit,Fastbit,File,None,False,False,False,,,,,,0.2669813632965088,0.009836435317993164,0.003408670425415039,0,0,7.297571420669556,6.156009912490845,1.511697769165039,,,9.9e-05,500,electrons,"['uy','x','uz']","{'x': [2.5184710999032725e-06, 4.915922204956214e-06], 'ux': [0.0026390913419782696, 0.010238588038174986], 'uy': [0.007756113513683289, 0.016331552587675928], 'uz': [-0.022667984463840968, -0.01839441442907929]}",3763.0
50,0.01%,"('ux','uy','uz','x')",27,Fastbit,Fastbit,File,None,False,False,False,,,,,,0.03557395935058594,0.0018780231475830078,0.0004658699035644531,0,0,7.966571092605591,7.0804126262664795,2.274219036102295,,,0.0001,500,electrons,"['uy','x','uz']","{'x': [1.751930785097675e-05, 1.8042868132648963e-05], 'ux': [7.559305324296358e-05, 0.0008861050563979543], 'uy': [-4.6843676396225134e-05, 0.0004998809863575505], 'uz': [-0.004765487807245977, -0.003688822158197552]}",193.0
51,0.01%,"('ux','uy','uz','x')",27,Fastbit,Fastbit,File,None,False,False,False,,,,,,0.15145063400268555,0.005601406097412109,0.0017158985137939453,0,0,7.796436786651611,6.766666650772095,3.3883860111236572,,,9.9e-05,500,electrons,"['x','ux','uy','uz']","{'x': [-1.822465578586466e-05, -1.670146276209252e-05], 'ux': [-0.0005834519389753977, -0.00012589262866956119], 'uy': [0.0005140186676947531, 0.0006702571824164771], 'uz': [-0.0011378845065572064, -0.0005000957362829503]}",783.0
52,0.01%,"('ux','uy','uz','x')",27,Fastbit,Fastbit,File,None,False,False,False,,,,,,0.365997314453125,0.009849071502685547,0.003968954086303711,0,0,7.771177530288696,6.540161848068237,3.1009104251861572,,,0.000101,500,electrons,"['uz','x','uy','ux']","{'x': [-1.7547194684070687e-05, -1.5884273008795234e-05], 'ux': [-5.700935209333677e-05, -2.5022220451543253e-05], 'uy': [0.00011729987999782845, 0.0003626630008526535], 'uz': [8.340216750752545e-05, 0.00014816465205142265]}",3421.0
53,0.01%,"('ux','uy','uz','x')",27,Fastbit,Fastbit,File,None,False,False,False,,,,,,0.12546491622924805,0.003964662551879883,0.0015163421630859375,0,0,7.3347790241241455,6.370480537414551,2.553048610687256,,,0.000101,500,electrons,"['uz','ux','uy']","{'x': [1.0025992532007093e-05, 1.2474030855058891e-05], 'ux': [0.00013276394753832722, 0.0001781265103663251], 'uy': [-0.001080998111744724, -0.0008539468837666086], 'uz': [0.00039740684018592105, 0.0005984750650258108]}",2413.0
54,0.01%,"('ux','uy','uz','x')",27,Fastbit,Fastbit,File,None,False,False,False,,,,,,0.19721579551696777,0.006964206695556641,0.002265453338623047,0,0,7.624748468399048,6.576783180236816,2.981343984603882,,,9.9e-05,500,electrons,"['uz','x','ux','uy']","{'x': [1.576018400549919e-05, 1.95549014031396e-05], 'ux': [0.00014595225639168005, 0.0002237244150421434], 'uy': [-0.00044656509159157325, -0.00028668297821027306], 'uz': [0.0001703085503173049, 0.0002931484505791692]}",3120.0
55,0.01%,"('ux','uy','uz','x')",27,Fastbit,Fastbit,File,None,False,False,False,,,,,,0.21228694915771484,0.00739288330078125,0.0025081634521484375,0,0,7.846744537353516,6.751614332199097,2.324007034301758,,,0.0001,500,electrons,"['x','uz','uy']","{'x': [-1.8222224456374744e-05, -1.725238097471211e-05], 'ux': [0.00039771817428394234, 0.002032024042104438], 'uy': [-0.0006742341308976271, -0.0001069674262568327], 'uz': [-0.004163746881647991, -0.0036297759488003204]}",2022.0
56,0.01%,"('ux','uy','uz','x')",27,Fastbit,Fastbit,File,None,False,False,False,,,,,,0.17966556549072266,0.005407810211181641,0.002124786376953125,0,0,7.105805158615112,6.084076642990112,1.1209404468536377,,,0.0001,500,electrons,"['ux','uz','uy']","{'x': [7.965554317574561e-06, 1.4466897995199854e-05], 'ux': [0.01076522887087666, 0.037666484533448036], 'uy': [-0.011088799828127414, -0.003056272088907558], 'uz': [0.028476696338799082, 0.06785176077761422]}",1934.0
57,0.01%,"('ux','uy','uz','x')",27,Fastbit,Fastbit,File,None,False,False,False,,,,,,0.13645291328430176,0.004883289337158203,0.0016036033630371094,0,0,8.427522659301758,7.408812761306763,2.1026337146759033,,,0.0001,500,electrons,"['ux','uy','x','uz']","{'x': [-5.236902617080213e-06, -1.189224174443289e-06], 'ux': [-0.001252510933565283, -0.0005932278083277812], 'uy': [1.2271918782348818e-05, 0.0015015070723179936], 'uz': [-0.01314021109062056, -0.008565778334070623]}",1645.0
58,0.01%,"('ux','uy','uz','x')",27,Fastbit,Fastbit,File,None,False,False,False,,,,,,0.5417129993438721,0.018557310104370117,0.0067174434661865234,0,0,8.892590761184692,7.388359546661377,2.1363158226013184,,,9.9e-05,500,electrons,"['x','uz','uy','ux']","{'x': [-1.2202117818862916e-05, -9.245090804404244e-06], 'ux': [-0.0021183469076384125, -0.001451428392894776], 'uy': [-0.0006787101553285017, 0.005255886082744409], 'uz': [0.0018938292474239152, 0.0033163744880242542]}",3593.0
59,0.01%,"('ux','uy','uz','x')",27,Fastbit,Fastbit,File,None,False,False,False,,,,,,0.1309506893157959,0.004311561584472656,0.0019114017486572266,0,0,7.869581699371338,6.873112916946411,2.065755605697632,,,0.000101,500,electrons,"['x','uy','uz']","{'x': [4.629990060685249e-06, 7.449526925845905e-06], 'ux': [-0.001384738453532306, -1.4611760053251064e-05], 'uy': [0.0014194391891848021, 0.0028989101932354166], 'uz': [-0.008390717417027939, -0.00642736247530017]}",2018.0
60,0.01%,"('ux','uy','uz','x','y')",27,Fastbit,Fastbit,File,None,False,False,False,,,,,,0.1144251823425293,0.004086732864379883,0.0011272430419921875,0,0,10.187603950500488,9.223218441009521,9.097210884094238,,,0.0001,500,electrons,"['uz','x','ux','uy']","{'x': [-4.735298011038338e-06, -2.1793542892808905e-06], 'y': [-6.561946320768143e-06, -5.6251229716965696e-06], 'ux': [-0.020751775325661137, -0.005500904949681606], 'uy': [-0.8424229709690296, 0.2976088173719813], 'uz': [-0.029224136753321694, 0.20536055891502775]}",3632.0
61,0.01%,"('ux','uy','uz','x','y')",27,Fastbit,Fastbit,File,None,False,False,False,,,,,,0.1280381679534912,0.0046312808990478516,0.0011949539184570312,0,0,9.013229608535767,8.017251968383789,3.7252931594848633,,,0.0001,500,electrons,"['ux','uz','y']","{'x': [1.5076216120751747e-05, 1.9983198400582457e-05], 'y': [-1.0157713555519892e-05, -9.758308577651987e-06], 'ux': [0.0008904040093178998, 0.0029008520391830533], 'uy': [-0.0014239244161035767, 0.0010483008718879397], 'uz': [-0.0018221471014074346, -0.001039218766106991]}",1807.0
62,0.01%,"('ux','uy','uz','x','y')",27,Fastbit,Fastbit,File,None,False,False,False,,,,,,0.07271075248718262,0.0026769638061523438,0.0007405281066894531,0,0,9.871589422225952,8.937072038650513,8.514166355133057,,,0.0001,500,electrons,"['y','uz','uy','ux','x']","{'x': [-7.4422678564336616e-06, -2.8478957698251034e-06], 'y': [9.446050312820966e-06, 1.0111018767113745e-05], 'ux': [-0.0006848326409793616, 0.00023485252351022017], 'uy': [0.01432230922705751, 0.09631614720780113], 'uz': [-0.007595890866036917, 0.01034407308536182]}",1768.0
63,0.01%,"('ux','uy','uz','x','y')",27,Fastbit,Fastbit,File,None,False,False,False,,,,,,0.1222836971282959,0.004773855209350586,0.0013248920440673828,0,0,8.450815439224243,7.460479021072388,3.9620931148529053,,,9.9e-05,500,electrons,"['x','ux','uy']","{'x': [7.550584262376824e-06, 1.166058648743922e-05], 'y': [1.875825906088394e-06, 2.81122973273064e-06], 'ux': [-0.054622956207420206, -0.006997000321331676], 'uy': [-0.025917595845500296, -0.01099033094551833], 'uz': [-0.09701071567369668, -0.002258558733202961]}",3827.0
64,0.01%,"('ux','uy','uz','x','y')",27,Fastbit,Fastbit,File,None,False,False,False,,,,,,0.1922452449798584,0.006857633590698242,0.0018897056579589844,0,0,10.691411256790161,9.595276594161987,8.841623306274414,,,9.9e-05,500,electrons,"['x','ux','uy','uz']","{'x': [1.1838086461217721e-05, 1.415503546802035e-05], 'y': [2.812744209090832e-06, 3.7494887196967313e-06], 'ux': [-0.004149112237186019, 0.0026117590205231105], 'uy': [0.00033725216949263273, 0.0029164696276031193], 'uz': [-0.006533101392232095, 0.0005970396248065196]}",3488.0
65,0.01%,"('ux','uy','uz','x','y')",27,Fastbit,Fastbit,File,None,False,False,False,,,,,,0.1316084861755371,0.005632638931274414,0.0013668537139892578,0,0,9.257691383361816,8.242609024047852,0.5873193740844727,,,9.9e-05,500,electrons,"['uz','uy','ux']","{'x': [1.5149023326907366e-07, 7.499168411617433e-06], 'y': [1.8750682295525932e-06, 2.8124180336658632e-06], 'ux': [-0.1704083716167586, -0.02642412685239104], 'uy': [-0.07321151654298944, 0.05037403399433314], 'uz': [-0.41666420640615065, -0.18495759438325432]}",3053.0
66,0.01%,"('ux','uy','uz','x','y')",27,Fastbit,Fastbit,File,None,False,False,False,,,,,,0.15168404579162598,0.006810903549194336,0.0016655921936035156,0,0,10.583518743515015,9.539621353149414,0.7897839546203613,,,0.000101,500,electrons,"['ux','y','x','uy','uz']","{'x': [2.301573220066114e-06, 7.1172708343340904e-06], 'y': [9.505729704740007e-07, 1.3685363157031053e-06], 'ux': [-0.12390116616279317, 0.0074633637692527455], 'uy': [-0.03267153985281053, 0.019024714441797746], 'uz': [-0.4678662247394292, -0.09686849230809616]}",1731.0
68,0.01%,"('ux','uy','uz','x','y')",27,Fastbit,Fastbit,File,None,False,False,False,,,,,,0.06711626052856445,0.0030372142791748047,0.0006551742553710938,0,0,8.541593551635742,7.614099740982056,3.867579936981201,,,9.9e-05,500,electrons,"['x','y','uy','ux','uz']","{'x': [1.6271229677894187e-05, 1.9980475309013246e-05], 'y': [-2.648321415089546e-06, -1.931394416578481e-06], 'ux': [4.207518471879093e-06, 2.6757952021087162e-05], 'uy': [0.00029340281607161253, 0.0016507416950924396], 'uz': [6.958565715242165e-06, 8.278751231359762e-05]}",2215.0
69,0.01%,"('ux','uy','uz','x','y')",27,Fastbit,Fastbit,File,None,False,False,False,,,,,,0.1328897476196289,0.004855155944824219,0.001428365707397461,0,0,9.618368864059448,8.601403713226318,4.612492799758911,,,0.0001,500,electrons,"['x','y','ux','uz']","{'x': [-1.4327219727653715e-05, -9.521415665345604e-06], 'y': [-3.6945983101046253e-06, -3.159812625957029e-06], 'ux': [-1.840805809000804e-05, 6.917794397500696e-05], 'uy': [-0.008829147713511898, 5.200793470513024e-05], 'uz': [-0.0004964257055908998, -9.231088633098025e-05]}",1844.0
70,0.01%,"('ux','uy','uz','x','y')",27,Fastbit,Fastbit,File,None,False,False,False,,,,,,0.09463763236999512,0.0027730464935302734,0.0009462833404541016,0,0,8.449987411499023,7.511071443557739,2.1500391960144043,,,0.000101,500,electrons,"['uz','ux','x','uy']","{'x': [2.24210773145031e-06, 7.362602405315147e-06], 'y': [-1.305434826134491e-05, -1.2226832668953718e-05], 'ux': [0.0004640885345944966, 0.002573778793362575], 'uy': [-0.013012659901133705, -0.0007361799900492613], 'uz': [0.0027528893344451162, 0.0051434443821988226]}",2676.0
71,0.01%,"('ux','uy','uz','x','y')",27,Fastbit,Fastbit,File,None,False,False,False,,,,,,0.10099077224731445,0.003554821014404297,0.0011148452758789062,0,0,11.013792037963867,9.99837875366211,8.628239870071411,,,0.000101,500,electrons,"['ux','y','x']","{'x': [2.8260670916440263e-06, 6.150121156326098e-06], 'y': [-3.5346991845898913e-06, -3.118528542888581e-06], 'ux': [-4.3461034195227294e-05, 0.00019365854736590334], 'uy': [-0.08391270126471621, 0.12543078255616208], 'uz': [-0.001372571198722547, 0.00670396061906399]}",4136.0
72,0.01%,"('ux','uy','uz','x','y')",27,Fastbit,Fastbit,File,None,False,False,False,,,,,,0.1738903522491455,0.004806041717529297,0.0018038749694824219,0,0,12.34100604057312,10.99097990989685,0.8620121479034424,,,0.0001,500,electrons,"['y','uz','ux','uy']","{'x': [-7.49721289839781e-06, -1.5599816500281602e-07], 'y': [1.1214033564994941e-06, 1.5777953585639542e-06], 'ux': [0.030469938434102825, 0.17528892214866737], 'uy': [-0.04077944602413734, 0.03946243243928979], 'uz': [-0.4442833793314555, -0.1113630167558653]}",2505.0
73,0.01%,"('ux','uy','uz','x','y')",27,Fastbit,Fastbit,File,None,False,False,False,,,,,,0.14735078811645508,0.004183769226074219,0.0015120506286621094,0,0,10.429188013076782,9.30774736404419,4.90936803817749,,,9.9e-05,500,electrons,"['y','uy','ux','uz','x']","{'x': [-1.5510025808543916e-05, -6.991452867594307e-06], 'y': [1.97131635566716e-05, 2.0009906000092157e-05], 'ux': [-0.0002484721049633722, -5.4945614336914087e-05], 'uy': [-0.0002632970611013672, 0.0003903520953307983], 'uz': [3.4706312759339914e-06, 0.00011843371701877325]}",4080.0
74,0.01%,"('ux','uy','uz','x','y')",27,Fastbit,Fastbit,File,None,False,False,False,,,,,,0.0,0.0,0.0,0,0,9.627014398574829,8.71480417251587,4.606795787811279,,,0.0001,500,electrons,"['x','ux','y','uy','uz']","{'x': [1.5058497191822151e-05, 1.887573078529851e-05], 'y': [1.318352867254522e-05, 1.3777897894330614e-05], 'ux': [-3.410505246276525e-05, 2.8209856271919126e-07], 'uy': [7.377935467612424e-05, 0.0008150069141952456], 'uz': [-0.00021783564896862785, -1.7286517456902045e-05]}",0.0
75,0.01%,"('ux','uy','uz','x','y','z')",27,Fastbit,Fastbit,File,None,False,False,False,,,,,,0.3218371868133545,0.011137962341308594,0.0027642250061035156,0,0,12.802556991577148,11.531014204025269,0.7923495769500732,,,0.0001,500,electrons,"['uy','y','z']","{'x': [5.902595037584073e-06, 0.0007473421653270458], 'y': [-1.1005424769888663e-06, 0.0032823654090878233], 'z': [-0.0003979186687432729, 0.0004200473680431656], 'ux': [0.0071835245888879655, 0.6123643369830378], 'uy': [-14.375827039986493, 16.97722555510318], 'uz': [-1.0893127032817216, -0.1542857132092477]}",3871.0
76,0.01%,"('ux','uy','uz','x','y','z')",27,Fastbit,Fastbit,File,None,False,False,False,,,,,,0.6867029666900635,0.022583484649658203,0.005995512008666992,0,0,14.3580162525177,12.569787979125977,12.555781364440918,,,0.0001,500,electrons,"['z','y','ux']","{'x': [5.868402805230231e-06, 0.0007449822479374417], 'y': [-0.003274386486900602, -6.224509237066347e-06], 'z': [-0.00022577658375053577, 0.004859982294802492], 'ux': [-57.87352712924937, 58.0906342527191], 'uy': [-0.6232568399533672, -0.07685510000872449], 'uz': [-0.25823298862506155, 0.07349795896901866]}",4056.0
77,0.01%,"('ux','uy','uz','x','y','z')",27,Fastbit,Fastbit,File,None,False,False,False,,,,,,0.1541917324066162,0.004686832427978516,0.0013358592987060547,0,0,15.465052127838135,14.342636823654175,2.60158371925354,,,0.0001,500,electrons,"['uy','y','z','x','ux']","{'x': [-0.00415944352246693, 0.007663371843409308], 'y': [-0.0037383420092392513, 0.00551922286145086], 'z': [3.774116517139738e-05, 0.007143566849815669], 'ux': [-0.2578994421565435, 0.2936385123375036], 'uy': [-2.9191319323315663, 2.815058637929807], 'uz': [0.015832370193305727, 0.03200218339429643]}",1240.0
78,0.01%,"('ux','uy','uz','x','y','z')",27,Fastbit,Fastbit,File,None,False,False,False,,,,,,0.09631848335266113,0.002933025360107422,0.0007340908050537109,0,0,12.967066764831543,11.942550659179688,11.942550659179688,,,0.000101,500,electrons,"['uz','z','y','uy']","{'x': [-0.0007449985225405144, -5.8689512696548736e-06], 'y': [-0.0030754852094592665, -1.7163320256064016e-05], 'z': [-0.0015746076695406794, 0.006421840959558364], 'ux': [-0.2623066796865126, -0.002879367661399116], 'uy': [-40.862152288644204, 40.09138452038972], 'uz': [-12.791683830783674, 12.725476219951544]}",1623.0
79,0.01%,"('ux','uy','uz','x','y','z')",27,Fastbit,Fastbit,File,None,False,False,False,,,,,,0.0,0.0,0.0,0,0,12.953158617019653,12.02607011795044,12.02607011795044,,,0.000101,500,electrons,"['uz','y','x','uy']","{'x': [-0.0007301841174666388, -1.9868373598627763e-05], 'y': [-7.763875284427186e-05, -1.5969409722713015e-05], 'z': [3.12892431528734e-05, 0.00013747862336387442], 'ux': [-133.8081099441494, 32.79498101698111], 'uy': [-83.12359551331141, 63.90839337078586], 'uz': [-282.3578832863842, 150.81854211282922]}",0.0
80,0.01%,"('ux','uy','uz','x','y','z')",27,Fastbit,Fastbit,File,None,False,False,False,,,,,,0.15556645393371582,0.005316972732543945,0.0014662742614746094,0,0,14.607553482055664,13.470966815948486,13.470966815948486,,,0.000101,500,electrons,"['x','ux','uz','y','z']","{'x': [-0.005054906191680693, 0.007302011021653215], 'y': [6.5296924070322275e-06, 0.0015872493246607052], 'z': [2.2297253615094752e-05, 0.00035929893105891993], 'ux': [0.034527454620762565, 1.8582111378174906], 'uy': [-0.010610699798199088, 0.4116918221460909], 'uz': [-87.90389120071578, 91.10864569085581]}",3934.0
81,0.01%,"('ux','uy','uz','x','y','z')",27,Fastbit,Fastbit,File,None,False,False,False,,,,,,0.734480619430542,0.022759199142456055,0.006594419479370117,0,0,16.108255863189697,14.312331676483154,3.7342183589935303,,,9.9e-05,500,electrons,"['y','ux','z','x']","{'x': [-0.04030985505178098, 0.042560630136858034], 'y': [-0.0008952518637566909, 0.004364300200512977], 'z': [3.416091855575499e-05, 0.004172553130630187], 'ux': [-7.194015088920404, 7.252720404762792], 'uy': [0.04689446635006578, 0.1967441471029549], 'uz': [-0.29237951516024646, -0.01332313457410648]}",3276.0
82,0.01%,"('ux','uy','uz','x','y','z')",27,Fastbit,Fastbit,File,None,False,False,False,,,,,,0.2688937187194824,0.008074522018432617,0.0024976730346679688,0,0,16.658724308013916,15.354675531387329,15.354675531387329,,,0.0001,500,electrons,"['uz','z','x','ux','y']","{'x': [-0.02144679149481786, 0.024950682642441817], 'y': [-0.004096720630518467, 0.0011902885833136433], 'z': [3.942967655006608e-05, 0.006929266118784845], 'ux': [-0.5023393099994053, 0.4754833730383273], 'uy': [-0.07766652257948035, -0.03314939800541765], 'uz': [-0.9643557743771738, 0.9123273561001546]}",4102.0
83,0.01%,"('ux','uy','uz','x','y','z')",27,Fastbit,Fastbit,File,None,False,False,False,,,,,,0.46544909477233887,0.014826774597167969,0.0035817623138427734,0,0,16.008049249649048,14.439699172973633,14.439699172973633,,,0.0001,500,electrons,"['x','y','ux','z','uz']","{'x': [-0.05469763643846464, 0.05244700851261364], 'y': [-0.0017725785254856267, -8.519429507196862e-06], 'z': [-0.0018880045885294832, 0.0018818704441087416], 'ux': [-79.74555448098494, 76.61785017042448], 'uy': [-1.3288043192189336, -0.17295793488925368], 'uz': [-178.70702689467885, 177.249136611341]}",3862.0
84,0.01%,"('ux','uy','uz','x','y','z')",27,Fastbit,Fastbit,File,None,False,False,False,,,,,,0.45089030265808105,0.014636039733886719,0.003740072250366211,0,0,14.24834680557251,12.733072996139526,12.733072996139526,,,9.9e-05,500,electrons,"['uz','ux','y','x']","{'x': [-0.015670633647969646, 0.01791869310688409], 'y': [8.397940620734129e-06, 0.0025228875298937727], 'z': [-5.086202670862823e-06, 3.1235790558031075e-05], 'ux': [-2.9171569353802456, 4.887319355273648], 'uy': [0.16451925710093798, 1.687176613589807], 'uz': [-83.54308348119771, 82.9313465015514]}",4044.0
86,0.01%,"('ux','uy','uz','x','y','z')",27,Fastbit,Fastbit,File,None,False,False,False,,,,,,0.9703681468963623,0.030144214630126953,0.0077435970306396484,0,0,17.303857564926147,15.277615070343018,0.3057703971862793,,,0.000101,500,electrons,"['y','z','uy','x']","{'x': [-0.07053272578085037, 0.06978000155845604], 'y': [-0.003648370098310675, 0.0005511809622211115], 'z': [5.17765390289286e-06, 0.0027094870684122767], 'ux': [0.0001816464048083281, 0.06037516116029636], 'uy': [-35.78350020642561, 35.91238756625021], 'uz': [-0.9927818870493752, -0.4652249261974617]}",3498.0
87,0.01%,"('ux','uy','uz','x','y','z')",27,Fastbit,Fastbit,File,None,False,False,False,,,,,,0.20513415336608887,0.007638454437255859,0.001939535140991211,0,0,15.973949193954468,14.774534463882446,14.774534463882446,,,0.0001,500,electrons,"['y','uz','x','ux','z']","{'x': [-0.028511290137486975, 0.029262565544195845], 'y': [-0.005782707402380562, 0.0021251227036500403], 'z': [3.809694805049948e-05, 0.0031056287594574553], 'ux': [-2.5578900516950163, 2.6404267819900746], 'uy': [-0.23058682664723018, -0.12864171472879632], 'uz': [-9.91718336051675, 9.211393699384695]}",3694.0
88,0.01%,"('ux','uy','uz','x','y','z')",27,Fastbit,Fastbit,File,None,False,False,False,,,,,,0.23665547370910645,0.007729530334472656,0.0024421215057373047,0,0,19.168693780899048,17.90704584121704,0.12580037117004395,,,0.000101,500,electrons,"['z','ux','uy','y','x']","{'x': [-0.01071387581101811, 0.012958864781751863], 'y': [-0.003034162413997118, 0.003877914162072044], 'z': [3.6221813030767186e-06, 0.0035651280984101696], 'ux': [-101.15298210120895, 96.38176070114969], 'uy': [-57.635054240561075, 54.31116904579709], 'uz': [-3.826967247818161, -0.7882655122565448]}",3070.0
89,0.01%,"('ux','uy','uz','x','y','z')",27,Fastbit,Fastbit,File,None,False,False,False,,,,,,0.7020556926727295,0.022496938705444336,0.0063593387603759766,0,0,17.635111331939697,15.867308855056763,1.0357649326324463,,,0.0001,500,electrons,"['uy','y','x','ux','z']","{'x': [-0.00974775777308962, 0.006243934417134923], 'y': [-0.0024012426577185806, 0.0013737651863854764], 'z': [3.1103331982101304e-05, 0.0026841536537989146], 'ux': [-2.2258994832814714, 2.3584994704812448], 'uy': [-1.2413174899827069, 1.3206564048839597], 'uz': [-0.6408589697301089, -0.13226463969198612]}",4014.0
90,0.01%,"('ux','uy','x','y')",27,Fastbit,Fastbit,File,None,False,False,False,,,,,,0.20408082008361816,0.007076263427734375,0.001867055892944336,0,0,8.129124641418457,6.989089488983154,1.9800384044647217,,,9.9e-05,500,electrons,"['x','y','uy','ux']","{'x': [-1.2285931686638316e-05, -7.665016521338319e-06], 'y': [-1.7710759301234466e-06, -1.2307343668315541e-06], 'ux': [-0.08671482772182895, 0.01243325017686539], 'uy': [-0.024731726041933647, -0.011970508382677898]}",2015.0
91,0.01%,"('ux','uy','x','y')",27,Fastbit,Fastbit,File,None,False,False,False,,,,,,0.0,0.0,0.0,0,0,,1.3421413898468018,0.8947889804840088,,,9.9e-05,500,electrons,"['y','x','ux','uy']","{'x': [1.5227681136688119e-05, 1.8149418484943393e-05], 'y': [1.4367141288918075e-05, 1.483278846429504e-05], 'ux': [-0.0003774556941505694, -0.00013889142043946404], 'uy': [0.0001984697961329763, 0.00041281188728166363]}",
92,0.01%,"('ux','uy','x','y')",27,Fastbit,Fastbit,File,None,False,False,False,,,,,,0.07762336730957031,0.001722574234008789,0.0005838871002197266,0,0,8.006043195724487,7.000431299209595,4.914287567138672,,,0.0001,500,electrons,"['uy','ux','x']","{'x': [-1.9182613650982663e-05, -1.650426829176883e-05], 'y': [1.7871235073821407e-05, 1.869216695690328e-05], 'ux': [-4.905791892470234e-05, 6.684503061805055e-05], 'uy': [-0.0004940737972508562, -1.5330020883801555e-05]}",2273.0
93,0.01%,"('ux','uy','x','y')",27,Fastbit,Fastbit,File,None,False,False,False,,,,,,0.017580747604370117,0.0007429122924804688,0.00016164779663085938,0,0,7.390992641448975,6.513048887252808,5.076609134674072,,,0.0001,500,electrons,"['uy','x','ux']","{'x': [1.5406693039219967e-05, 1.801767599204095e-05], 'y': [-1.9981862652334525e-05, -1.9746790589479513e-05], 'ux': [-0.00020315604305679545, 3.569377229326836e-05], 'uy': [-0.0003305532514433514, 7.674619860245811e-05]}",305.0
94,0.01%,"('ux','uy','x','y')",27,Fastbit,Fastbit,File,None,False,False,False,,,,,,0.027669429779052734,0.0009815692901611328,0.00040841102600097656,0,0,6.986717939376831,6.025148391723633,3.9749152660369873,,,0.0001,500,electrons,"['ux','x','y']","{'x': [-1.8448170513112263e-05, -1.5540072199063548e-05], 'y': [1.43182568591807e-05, 1.494066030492332e-05], 'ux': [0.0003562664833825373, 0.0006583830281498366], 'uy': [0.0004714684822213841, 0.0007394970835110524]}",511.0
95,0.01%,"('ux','uy','x','y')",27,Fastbit,Fastbit,File,None,False,False,False,,,,,,0.03933238983154297,0.0017445087432861328,0.0004935264587402344,0,0,6.723628997802734,5.80220103263855,3.7559316158294678,,,0.000101,500,electrons,"['x','uy','ux']","{'x': [1.555518966095092e-05, 1.9980468839201056e-05], 'y': [1.599605650498795e-05, 1.6816406817318632e-05], 'ux': [2.4165725875851114e-09, 1.3620749996774401e-06], 'uy': [-4.935724572917131e-05, -2.5387742266405844e-08]}",1327.0
96,0.01%,"('ux','uy','x','y')",27,Fastbit,Fastbit,File,None,False,False,False,,,,,,0.07984018325805664,0.0024275779724121094,0.0008823871612548828,0,0,8.61116075515747,7.572440147399902,7.5185582637786865,,,9.9e-05,500,electrons,"['y','ux','uy']","{'x': [5.8596397002123976e-08, 7.4414967296026395e-06], 'y': [-2.5094440516985496e-06, -2.1609185106314567e-06], 'ux': [2.8390499708412898e-05, 0.00011354307750406665], 'uy': [-0.022632416952139946, 0.022077797374196823]}",1195.0
97,0.01%,"('ux','uy','x','y')",27,Fastbit,Fastbit,File,None,False,False,False,,,,,,0.0,0.0,0.0,0,0,6.710915565490723,5.841212034225464,3.5571744441986084,,,0.0001,500,electrons,"['x','ux','uy','y']","{'x': [1.505859315577395e-05, 1.8640329706864493e-05], 'y': [-1.8691415774664227e-05, -1.8257149047182262e-05], 'ux': [-1.1291472294795806e-06, 2.064573053426792e-08], 'uy': [-4.156399841691575e-05, -6.684601663029954e-06]}",0.0
98,0.01%,"('ux','uy','x','y')",27,Fastbit,Fastbit,File,None,False,False,False,,,,,,0.23270869255065918,0.0070858001708984375,0.0023467540740966797,0,0,8.82932424545288,7.626240015029907,5.084626913070679,,,9.9e-05,500,electrons,"['y','ux','x']","{'x': [-1.278779245622318e-05, -1.100933553358043e-05], 'y': [6.2777861262661896e-06, 6.502113151450708e-06], 'ux': [-0.0006117427695455317, 0.005593013827975399], 'uy': [-0.017820103279286584, -0.0005496863163651327]}",3021.0
99,0.01%,"('ux','uy','x','y')",27,Fastbit,Fastbit,File,None,False,False,False,,,,,,0.0,0.0,0.0,0,0,,3.648627996444702,3.5762557983398438,,,0.0001,500,electrons,"['y','x','ux']","{'x': [-1.3295090736233918e-05, -1.0393047498477921e-05], 'y': [-1.1911837743000106e-05, -1.1623856709701836e-05], 'ux': [-0.00013705837453757886, -4.204542024773969e-05], 'uy': [-0.00785861185998545, 0.016604585316300862]}",
100,0.01%,"('ux','uy','x','y')",27,Fastbit,Fastbit,File,None,False,False,False,,,,,,0.1107785701751709,0.004004716873168945,0.0011525154113769531,0,0,7.856659650802612,6.811737298965454,3.5507829189300537,,,0.0001,500,electrons,"['ux','uy','y','x']","{'x': [-1.4002225562365904e-05, -8.688646090658657e-06], 'y': [-8.048893288549552e-06, -7.599283011134155e-06], 'ux': [-1.864870640456969e-05, 0.00016067176713704218], 'uy': [-0.004333139777913625, -0.0013245707024378993]}",3600.0
101,0.01%,"('ux','uy','x','y')",27,Fastbit,Fastbit,File,None,False,False,False,,,,,,0.0,0.0,0.0,0,0,6.905059576034546,6.03045392036438,4.37466025352478,,,9.9e-05,500,electrons,"['ux','x','uy','y']","{'x': [1.6077766982011046e-05, 1.981903950734229e-05], 'y': [1.9745396982878446e-05, 1.995921257851973e-05], 'ux': [-0.0004504808185830644, -0.0002212906792348769], 'uy': [0.0002545693417258721, 0.0007751527121911169]}",0.0
102,0.01%,"('ux','uy','x','y')",27,Fastbit,Fastbit,File,None,False,False,False,,,,,,0.018454313278198242,0.00051116943359375,0.0001766681671142578,0,0,6.647694826126099,5.7475292682647705,0.40457820892333984,,,9.9e-05,500,electrons,"['y','ux','uy','x']","{'x': [1.46761089895454e-05, 2.105745709800928e-05], 'y': [-1.3203724319024103e-05, -1.2246371477930132e-05], 'ux': [-9.275654148127314e-12, 2.4063699928932935e-12], 'uy': [-1.2350022741623893e-09, 3.534031418240266e-10]}",1934.0
103,0.01%,"('ux','uy','x','y')",27,Fastbit,Fastbit,File,None,False,False,False,,,,,,0.028524160385131836,0.0010788440704345703,0.0002262592315673828,0,0,6.818498849868774,5.9063074588775635,3.9924538135528564,,,0.000101,500,electrons,"['x','uy','ux']","{'x': [1.5061347722489559e-05, 1.9068866480487534e-05], 'y': [1.9745136001149126e-05, 1.9980300383360484e-05], 'ux': [-0.00039298808671024883, -0.00022396416369726627], 'uy': [0.00035933376313025656, 0.0006492079938093564]}",1385.0
104,0.01%,"('ux','uy','x','y')",27,Fastbit,Fastbit,File,None,False,False,False,,,,,,0.21444344520568848,0.007142782211303711,0.002068758010864258,0,0,7.834733247756958,6.693417549133301,6.690975189208984,,,0.000101,500,electrons,"['uy','x','ux']","{'x': [-4.4456497219510305e-06, -2.812828446701053e-07], 'y': [9.376509162499818e-07, 1.8749174638733964e-06], 'ux': [-1.2651818869738243, -0.3543237031497119], 'uy': [-0.2655728876300787, 0.6869708579270561]}",2635.0
105,0.01%,"('x',)",27,Fastbit,Fastbit,File,None,False,False,False,,,,,,0.6720740795135498,0.025310754776000977,0.0019326210021972656,0,0,2.4899754524230957,1.1198127269744873,0.060097694396972656,,,0.000101,500,electrons,['x'],"{'x': [-3.8184719079870285e-07, -3.680330221929324e-07]}",3076.0
106,0.01%,"('x',)",27,Fastbit,Fastbit,File,None,False,False,False,,,,,,0.08637738227844238,0.0033664703369140625,0.0002646446228027344,0,0,1.8991165161132812,1.1694352626800537,0.005800485610961914,,,0.0001,500,electrons,['x'],"{'x': [-1.7558398066958115e-06, -1.7480664433046824e-06]}",221.0
107,0.01%,"('x',)",27,Fastbit,Fastbit,File,None,False,False,False,,,,,,0.7828128337860107,0.030301809310913086,0.0069217681884765625,0,0,2.5938432216644287,1.1004559993743896,0.06764769554138184,,,0.0001,500,electrons,['x'],"{'x': [5.952547075411168e-07, 6.094144767169258e-07]}",3241.0
108,0.01%,"('x',)",27,Fastbit,Fastbit,File,None,False,False,False,,,,,,0.007537841796875,0.0002925395965576172,6.151199340820312e-05,0,0,1.8460443019866943,1.1848232746124268,0.0004153251647949219,,,9.9e-05,500,electrons,['x'],"{'x': [-3.084893021066936e-06, -3.076089972892592e-06]}",59.0
109,0.01%,"('x',)",27,Fastbit,Fastbit,File,None,False,False,False,,,,,,0.7111790180206299,0.02922344207763672,0.002075672149658203,0,0,2.5913095474243164,1.1405525207519531,0.06332254409790039,,,0.0001,500,electrons,['x'],"{'x': [-4.472994909846731e-07, -4.371826902354582e-07]}",2229.0
110,0.01%,"('x',)",27,Fastbit,Fastbit,File,None,False,False,False,,,,,,0.06301593780517578,0.0035440921783447266,0.00023174285888671875,0,0,1.9777936935424805,1.2475886344909668,0.004026889801025391,,,0.000101,500,electrons,['x'],"{'x': [-1.6547584650522772e-06, -1.6450912480977255e-06]}",117.0
111,0.01%,"('x',)",27,Fastbit,Fastbit,File,None,False,False,False,,,,,,0.6661369800567627,0.02687358856201172,0.00205230712890625,0,0,2.464852809906006,1.0912201404571533,0.05794334411621094,,,0.0001,500,electrons,['x'],"{'x': [3.7543378025427465e-07, 3.890002982837977e-07]}",2691.0
112,0.01%,"('x',)",27,Fastbit,Fastbit,File,None,False,False,False,,,,,,0.0,0.0,0.0,0,0,1.7446327209472656,1.1155273914337158,0.0,,,0.0001,500,electrons,['x'],"{'x': [1.1232589395788252e-06, 1.1267554244379567e-06]}",0.0
113,0.01%,"('x',)",27,Fastbit,Fastbit,File,None,False,False,False,,,,,,0.6695661544799805,0.026055574417114258,0.0019996166229248047,0,0,2.4399945735931396,1.0773918628692627,0.05829191207885742,,,9.9e-05,500,electrons,['x'],"{'x': [-3.82956496238183e-07, -3.6934027677049954e-07]}",3125.0
114,0.01%,"('x',)",27,Fastbit,Fastbit,File,None,False,False,False,,,,,,0.002844572067260742,9.989738464355469e-05,1.621246337890625e-05,0,0,1.7986328601837158,1.1555371284484863,0.00017261505126953125,,,0.0001,500,electrons,['x'],"{'x': [-1.4773638075248717e-06, -1.4740811118388436e-06]}",1.0
115,0.01%,"('x',)",27,Fastbit,Fastbit,File,None,False,False,False,,,,,,0.4467911720275879,0.017019033432006836,0.0012671947479248047,0,0,2.2677760124206543,1.1211254596710205,0.03637433052062988,,,9.9e-05,500,electrons,['x'],"{'x': [-5.0782173230438195e-08, -4.1205288892417274e-08]}",3954.0
116,0.01%,"('x',)",27,Fastbit,Fastbit,File,None,False,False,False,,,,,,0.09044981002807617,0.004231691360473633,0.00030875205993652344,0,0,1.9041881561279297,1.161745309829712,0.005959987640380859,,,0.0001,500,electrons,['x'],"{'x': [-1.7558400126976761e-06, -1.748128104446113e-06]}",221.0
117,0.01%,"('x',)",27,Fastbit,Fastbit,File,None,False,False,False,,,,,,0.009335994720458984,0.0005829334259033203,5.817413330078125e-05,0,0,1.742954969406128,1.1132402420043945,0.00042939186096191406,,,0.000101,500,electrons,['x'],"{'x': [-2.0344977583407223e-06, -2.023057804127389e-06]}",14.0
118,0.01%,"('x',)",27,Fastbit,Fastbit,File,None,False,False,False,,,,,,0.007682323455810547,0.0003364086151123047,4.291534423828125e-05,0,0,1.7562148571014404,1.1202120780944824,0.0004520416259765625,,,0.000101,500,electrons,['x'],"{'x': [1.2051132268276721e-06, 1.2188302203013123e-06]}",11.0
119,0.01%,"('x',)",27,Fastbit,Fastbit,File,None,False,False,False,,,,,,0.8434336185455322,0.03169870376586914,0.0024423599243164062,0,0,2.634335517883301,1.0768647193908691,0.07597613334655762,,,9.9e-05,500,electrons,['x'],"{'x': [-9.277057135152175e-07, -9.178567793917757e-07]}",2412.0
120,0.01%,"('x','y')",27,Fastbit,Fastbit,File,None,False,False,False,,,,,,0.20244765281677246,0.008925437927246094,0.0006916522979736328,0,0,3.179532527923584,2.2129571437835693,0.06700301170349121,,,0.0001,500,electrons,"['x','y']","{'x': [3.5858295987243708e-06, 4.736627177459615e-06], 'y': [-8.086646140861116e-06, -7.932254169469276e-06]}",2972.0
121,0.01%,"('x','y')",27,Fastbit,Fastbit,File,None,False,False,False,,,,,,0.1875014305114746,0.006766319274902344,0.000522613525390625,0,0,2.8002138137817383,1.9139788150787354,0.05466938018798828,,,0.000101,500,electrons,"['x','y']","{'x': [-3.3593647108194545e-06, -2.224706712284018e-06], 'y': [-6.037297037101969e-06, -5.912791356117667e-06]}",2060.0
122,0.01%,"('x','y')",27,Fastbit,Fastbit,File,None,False,False,False,,,,,,0.0,0.0,0.0,0,0,2.6699976921081543,1.9599127769470215,0.0,,,0.0001,500,electrons,"['x','y']","{'x': [4.774944827156334e-06, 6.0557552758238016e-06], 'y': [1.53239808005979e-05, 1.546533499020508e-05]}",0.0
123,0.01%,"('x','y')",27,Fastbit,Fastbit,File,None,False,False,False,,,,,,0.0,0.0,0.0,0,0,2.7710165977478027,2.046679735183716,0.0,,,9.9e-05,500,electrons,"['x','y']","{'x': [1.6974020468732937e-05, 1.8340245893613895e-05], 'y': [-1.9874993807825496e-05, -1.9839450824554064e-05]}",0.0
124,0.01%,"('x','y')",27,Fastbit,Fastbit,File,None,False,False,False,,,,,,0.17452359199523926,0.0066394805908203125,0.0004878044128417969,0,0,2.8312900066375732,1.941997766494751,0.058821678161621094,,,9.9e-05,500,electrons,"['y','x']","{'x': [-1.2041600880750557e-05, -1.1024133221776087e-05], 'y': [-8.009533698963376e-06, -7.869710460880977e-06]}",2367.0
125,0.01%,"('x','y')",27,Fastbit,Fastbit,File,None,False,False,False,,,,,,0.1822974681854248,0.007001638412475586,0.0005166530609130859,0,0,2.885134220123291,1.9949772357940674,0.060933589935302734,,,9.9e-05,500,electrons,"['x','y']","{'x': [-4.806614992252117e-06, -2.9419702067660313e-06], 'y': [1.2863993694627633e-06, 1.3699116247036377e-06]}",2878.0
126,0.01%,"('x','y')",27,Fastbit,Fastbit,File,None,False,False,False,,,,,,0.0,0.0,0.0,0,0,2.7397336959838867,2.0374836921691895,0.0,,,0.0001,500,electrons,"['x','y']","{'x': [-3.992889534859721e-06, -2.5687716448343286e-06], 'y': [-1.9874642052471217e-05, -1.9806757095145206e-05]}",0.0
127,0.01%,"('x','y')",27,Fastbit,Fastbit,File,None,False,False,False,,,,,,0.0,0.0,0.0,0,0,2.785598039627075,2.0338966846466064,0.0,,,0.0001,500,electrons,"['x','y']","{'x': [2.4346887110454988e-06, 3.1838303420747664e-06], 'y': [1.6576661053288635e-05, 1.674050220526651e-05]}",0.0
128,0.01%,"('x','y')",27,Fastbit,Fastbit,File,None,False,False,False,,,,,,0.0,0.0,0.0,0,0,2.621009111404419,1.9266917705535889,0.0,,,9.9e-05,500,electrons,"['x','y']","{'x': [2.495982818596136e-06, 3.1220595602553825e-06], 'y': [-1.7431500786471654e-05, -1.7235578388633178e-05]}",0.0
129,0.01%,"('x','y')",27,Fastbit,Fastbit,File,None,False,False,False,,,,,,0.0,0.0,0.0,0,0,2.5665571689605713,1.873067855834961,0.0,,,0.0001,500,electrons,"['x','y']","{'x': [-1.7208774375210594e-05, -1.6276923629647775e-05], 'y': [-1.177039582988492e-05, -1.1644668007906285e-05]}",0.0
130,0.01%,"('x','y')",27,Fastbit,Fastbit,File,None,False,False,False,,,,,,0.0,0.0,0.0,0,0,,0.6478588581085205,0.0,,,0.0001,500,electrons,"['y','x']","{'x': [-1.8205514624069788e-05, -1.7186227843303426e-05], 'y': [-1.271031577803894e-05, -1.2555927227214552e-05]}",
131,0.01%,"('x','y')",27,Fastbit,Fastbit,File,None,False,False,False,,,,,,0.0,0.0,0.0,0,0,2.594144582748413,1.8760740756988525,0.0,,,0.0001,500,electrons,"['x','y']","{'x': [1.8217723619547185e-05, 1.8915821845246467e-05], 'y': [1.1891015061888177e-05, 1.208875975099913e-05]}",0.0
132,0.01%,"('x','y')",27,Fastbit,Fastbit,File,None,False,False,False,,,,,,0.1956789493560791,0.009395122528076172,0.0006182193756103516,0,0,2.8969948291778564,1.9648139476776123,0.05997633934020996,,,0.000101,500,electrons,"['x','y']","{'x': [1.4479481971443704e-06, 2.8070747878383313e-06], 'y': [-5.1390404856912005e-06, -5.0164651043344355e-06]}",2271.0
133,0.01%,"('x','y')",27,Fastbit,Fastbit,File,None,False,False,False,,,,,,0.18483829498291016,0.008057117462158203,0.0006077289581298828,0,0,2.7676661014556885,1.8865926265716553,0.05577826499938965,,,0.000101,500,electrons,"['x','y']","{'x': [2.771316299093279e-06, 4.1326947013562e-06], 'y': [-4.234347604015672e-06, -4.106532400934458e-06]}",2082.0
134,0.01%,"('x','y')",27,Fastbit,Fastbit,File,None,False,False,False,,,,,,0.18552589416503906,0.00625157356262207,0.0004966259002685547,0,0,2.677520990371704,1.8172123432159424,0.054541826248168945,,,9.9e-05,500,electrons,"['x','y']","{'x': [1.5058580776563527e-05, 1.6417248060149643e-05], 'y': [7.1615950414641676e-06, 7.264540283080233e-06]}",2448.0
135,0.01%,"('x','y','z')",27,Fastbit,Fastbit,File,None,False,False,False,,,,,,0.1224222183227539,0.004041910171508789,0.0003476142883300781,0,0,3.459115505218506,2.64863920211792,0.35694456100463867,,,0.0001,500,electrons,"['z','y']","{'x': [7.589201061400485e-07, 1.4944095248476916e-06], 'y': [-2.9000654771261533e-06, 9.346498607971473e-07], 'z': [8.265950441839752e-07, 4.019859972229284e-06]}",3910.0
136,0.01%,"('x','y','z')",27,Fastbit,Fastbit,File,None,False,False,False,,,,,,0.08312582969665527,0.003068685531616211,0.0002334117889404297,0,0,3.3163671493530273,2.5521469116210938,0.30274462699890137,,,0.000101,500,electrons,"['z','y']","{'x': [5.867551477169289e-09, 7.449112160794852e-07], 'y': [-3.5367656421830526e-06, -3.0718663907492633e-07], 'z': [2.5151609611736064e-07, 3.531209695335715e-06]}",4028.0
137,0.01%,"('x','y','z')",27,Fastbit,Fastbit,File,None,False,False,False,,,,,,0.11655163764953613,0.004637479782104492,0.00038433074951171875,0,0,4.210976839065552,3.3607733249664307,0.06450533866882324,,,0.000101,500,electrons,"['x','y']","{'x': [-8.53318181032814e-06, 5.029311416937815e-06], 'y': [-3.555780974374007e-06, 1.7757828052624847e-06], 'z': [2.481690491315719e-06, 2.5750419978648826e-06]}",2163.0
138,0.01%,"('x','y','z')",27,Fastbit,Fastbit,File,None,False,False,False,,,,,,0.05492591857910156,0.0027163028717041016,0.0002269744873046875,0,0,3.8034021854400635,3.028391122817993,0.1909654140472412,,,0.0001,500,electrons,"['z','x','y']","{'x': [-3.1536764533745334e-06, 3.903678324092893e-06], 'y': [-2.085960892999995e-06, -1.3831695793978533e-06], 'z': [3.1305105880514325e-06, 4.2630918159937615e-06]}",3631.0
139,0.01%,"('x','y','z')",27,Fastbit,Fastbit,File,None,False,False,False,,,,,,0.08081769943237305,0.0029544830322265625,0.0002079010009765625,0,0,3.746541738510132,2.9540066719055176,0.21233153343200684,,,0.0001,500,electrons,"['y','z','x']","{'x': [-4.3053240309222455e-06, 2.0570683436140517e-06], 'y': [-1.4242195083983546e-06, -3.5365526817954414e-07], 'z': [1.3418187458375398e-06, 2.6454512477070466e-06]}",3807.0
140,0.01%,"('x','y','z')",27,Fastbit,Fastbit,File,None,False,False,False,,,,,,0.16071796417236328,0.005934953689575195,0.0004298686981201172,0,0,4.524786949157715,3.615116834640503,0.5054306983947754,,,0.0001,500,electrons,"['x','z']","{'x': [-1.1097330036378745e-05, 1.0346174159426398e-05], 'y': [5.625066170818233e-07, 6.56122775360948e-07], 'z': [-8.980489336744725e-07, 3.616776631770827e-06]}",3872.0
141,0.01%,"('x','y','z')",27,Fastbit,Fastbit,File,None,False,False,False,,,,,,0.13953399658203125,0.006144046783447266,0.0004336833953857422,0,0,4.551477432250977,3.6666600704193115,0.5285556316375732,,,0.000101,500,electrons,"['x','z']","{'x': [-1.1462233608830383e-05, 1.4967868169949475e-05], 'y': [1.9303146759383289e-07, 2.7545648171832476e-07], 'z': [-3.1535091308286484e-06, 3.7438646252881087e-06]}",3822.0
142,0.01%,"('x','y','z')",27,Fastbit,Fastbit,File,None,False,False,False,,,,,,0.05053973197937012,0.0015187263488769531,0.00013875961303710938,0,0,3.6142830848693848,2.8734328746795654,0.181549072265625,,,0.0001,500,electrons,"['y','x','z']","{'x': [-4.378392441546146e-06, 8.745734554345019e-07], 'y': [3.0658023006935937e-07, 1.0990647029161975e-06], 'z': [2.1183200889714237e-06, 3.1507479295152475e-06]}",3873.0
143,0.01%,"('x','y','z')",27,Fastbit,Fastbit,File,None,False,False,False,,,,,,0.10316252708435059,0.0045223236083984375,0.00036072731018066406,0,0,4.304048538208008,3.463146448135376,0.3977203369140625,,,0.000101,500,electrons,"['z','x']","{'x': [-1.1252281090064951e-05, 9.007664112054697e-06], 'y': [6.505268536399035e-09, 8.819175047101132e-08], 'z': [1.328543961009299e-07, 3.435889117624308e-06]}",4064.0
144,0.01%,"('x','y','z')",27,Fastbit,Fastbit,File,None,False,False,False,,,,,,0.04009819030761719,0.0014858245849609375,0.0001354217529296875,0,0,3.221015214920044,2.5128817558288574,0.18691349029541016,,,9.9e-05,500,electrons,"['z','y']","{'x': [-7.441406222756298e-07, -5.8593720317677416e-09], 'y': [-1.142485088476625e-07, 1.5828382450514797e-06], 'z': [4.821310941930383e-06, 6.6854035935514805e-06]}",3924.0
145,0.01%,"('x','y','z')",27,Fastbit,Fastbit,File,None,False,False,False,,,,,,0.10567212104797363,0.004131317138671875,0.0003275871276855469,0,0,4.717770576477051,3.8765971660614014,0.45441508293151855,,,0.0001,500,electrons,"['x','z']","{'x': [-1.5230757108595484e-05, 1.598083940707871e-05], 'y': [-8.40638530826373e-07, -7.536444612697023e-07], 'z': [1.7919959114457907e-06, 5.178409281146842e-06]}",3930.0
146,0.01%,"('x','y','z')",27,Fastbit,Fastbit,File,None,False,False,False,,,,,,0.13828444480895996,0.0047686100006103516,0.00039124488830566406,0,0,3.6068947315216064,2.765075922012329,0.4282112121582031,,,0.0001,500,electrons,"['y','z']","{'x': [-1.4950519474474184e-06, -7.595557788826274e-07], 'y': [-2.9899358380200075e-06, 4.589581384492243e-07], 'z': [-2.6548439510124042e-08, 3.806849875226953e-06]}",3909.0
147,0.01%,"('x','y','z')",27,Fastbit,Fastbit,File,None,False,False,False,,,,,,0.050081491470336914,0.001996755599975586,0.00017499923706054688,0,0,3.6199724674224854,2.891449451446533,0.17818856239318848,,,9.9e-05,500,electrons,"['y','z','x']","{'x': [-3.412395324524038e-06, 4.163158214830374e-06], 'y': [-1.825345616319156e-06, -8.909502042489868e-07], 'z': [2.0889060774245697e-06, 3.184242445779862e-06]}",3779.0
148,0.01%,"('x','y','z')",27,Fastbit,Fastbit,File,None,False,False,False,,,,,,0.10040521621704102,0.003933429718017578,0.00029277801513671875,0,0,4.706530332565308,3.882323980331421,0.08838987350463867,,,0.0001,500,electrons,"['x','y']","{'x': [-1.6728506928008034e-05, 1.4484321268934264e-05], 'y': [-5.318730345887046e-07, 2.5006135826447744e-06], 'z': [8.814440693727824e-07, 9.87375336491188e-07]}",3939.0
149,0.01%,"('x','y','z')",27,Fastbit,Fastbit,File,None,False,False,False,,,,,,0.14473605155944824,0.0041768550872802734,0.000331878662109375,0,0,5.029099941253662,4.13314151763916,0.0979011058807373,,,0.0001,500,electrons,"['x','y']","{'x': [-1.5238197089988619e-05, 1.8743254115570454e-05], 'y': [-3.185436329297156e-06, 2.8028234855273856e-07], 'z': [8.876091986861931e-07, 9.807980468636053e-07]}",3899.0
150,0.10%,"('ux',)",27,Fastbit,Fastbit,File,None,False,False,False,,,,,,0.3523366451263428,0.013178110122680664,0.005364894866943359,0,0,2.8358500003814697,1.719486951828003,0.030443906784057617,,,0.001001,500,electrons,['ux'],"{'ux': [-0.00666174800342621, -0.006509938636937755]}",279.0
151,0.10%,"('ux',)",27,Fastbit,Fastbit,File,None,False,False,False,,,,,,3.744281053543091,0.1332106590270996,0.05003213882446289,0,0,7.221086502075195,2.089719533920288,0.3451364040374756,,,0.001005,500,electrons,['ux'],"{'ux': [-0.00011761415328403597, -0.00011557700457019852]}",5465.0
152,0.10%,"('ux',)",27,Fastbit,Fastbit,File,None,False,False,False,,,,,,5.105739116668701,0.21156644821166992,0.07532715797424316,0,0,8.657012939453125,1.8676042556762695,0.5250170230865479,,,0.001004,500,electrons,['ux'],"{'ux': [1.5508515618437515e-06, 1.8396534001140967e-06]}",40105.0
153,0.10%,"('ux',)",27,Fastbit,Fastbit,File,None,False,False,False,,,,,,6.259701728820801,0.23566174507141113,0.08928728103637695,0,0,10.501590251922607,2.2926669120788574,0.6225769519805908,,,0.000994,500,electrons,['ux'],"{'ux': [-0.0002929148975075444, -0.0002878259549568643]}",29472.0
154,0.10%,"('ux',)",27,Fastbit,Fastbit,File,None,False,False,False,,,,,,2.551926612854004,0.1000511646270752,0.03551054000854492,0,0,5.573765516281128,1.842979907989502,0.2172529697418213,,,0.001,500,electrons,['ux'],"{'ux': [0.00015265170967979219, 0.00015483870908731181]}",2385.0
155,0.10%,"('ux',)",27,Fastbit,Fastbit,File,None,False,False,False,,,,,,2.617278814315796,0.0968472957611084,0.03943037986755371,0,0,5.503544807434082,1.6578361988067627,0.27845168113708496,,,0.001001,500,electrons,['ux'],"{'ux': [-0.012586446045687677, -0.012178827592480568]}",19404.0
156,0.10%,"('ux',)",27,Fastbit,Fastbit,File,None,False,False,False,,,,,,6.126341104507446,0.24803948402404785,0.09119176864624023,0,0,9.887284278869629,1.851572036743164,0.6165416240692139,,,0.000995,500,electrons,['ux'],"{'ux': [-0.0002898308074064155, -0.0002848529147707002]}",31176.0
157,0.10%,"('ux',)",27,Fastbit,Fastbit,File,None,False,False,False,,,,,,0.39018726348876953,0.01638317108154297,0.005868434906005859,0,0,3.077760696411133,1.8982222080230713,0.03665471076965332,,,0.001008,500,electrons,['ux'],"{'ux': [0.00052013662071866, 0.0005272455574854574]}",265.0
158,0.10%,"('ux',)",27,Fastbit,Fastbit,File,None,False,False,False,,,,,,5.796020269393921,0.20545625686645508,0.08463454246520996,0,0,9.376056671142578,1.809938907623291,0.5916945934295654,,,0.000998,500,electrons,['ux'],"{'ux': [0.000199338643705671, 0.00020215102601564352]}",27554.0
159,0.10%,"('ux',)",27,Fastbit,Fastbit,File,None,False,False,False,,,,,,5.17172384262085,0.20781230926513672,0.07625508308410645,0,0,8.811815977096558,1.9002320766448975,0.5379152297973633,,,0.001009,500,electrons,['ux'],"{'ux': [1.581759709417433e-06, 1.8743388227509284e-06]}",39964.0
160,0.10%,"('ux',)",27,Fastbit,Fastbit,File,None,False,False,False,,,,,,2.803657293319702,0.10807919502258301,0.04277944564819336,0,0,5.8405373096466064,1.710747241973877,0.29243993759155273,,,0.000996,500,electrons,['ux'],"{'ux': [0.01238258236086656, 0.012803204069461017]}",22317.0
